name	value	type	default	description	file	line
IGNITE_LOG_GRID_NAME	IGNITE_LOG_GRID_NAME	String		If this system property is present Ignite will include grid name into  verbose log	modules/core/src/main/java/org/apache/ignite/IgniteSystemProperties.java	156
IGNITE_LOG_INSTANCE_NAME	IGNITE_LOG_INSTANCE_NAME	String		If this system property is present Ignite will include grid name into  verbose log	modules/core/src/main/java/org/apache/ignite/IgniteSystemProperties.java	163
IGNITE_RESTART_CODE	IGNITE_RESTART_CODE	String		If this system property is present Ignite will include instance name  into verbose log	modules/core/src/main/java/org/apache/ignite/IgniteSystemProperties.java	171
IGNITE_NO_SHUTDOWN_HOOK	IGNITE_NO_SHUTDOWN_HOOK	Integer	"0"	Exit code to pass to loader when Ignite instance is being restarted	modules/core/src/main/java/org/apache/ignite/IgniteSystemProperties.java	175
IGNITE_NO_DISCO_ORDER	IGNITE_NO_DISCO_ORDER				modules/core/src/main/java/org/apache/ignite/IgniteSystemProperties.java	189
IGNITE_DISCO_FAILED_CLIENT_RECONNECT_DELAY	IGNITE_DISCO_FAILED_CLIENT_RECONNECT_DELAY	Long	DFLT_DISCO_FAILED_CLIENT_RECONNECT_DELAY + " milliseconds"	Reconnect delay in milliseconds for client node that was failed forcible	modules/core/src/main/java/org/apache/ignite/IgniteSystemProperties.java	194
IGNITE_UPDATE_NOTIFIER	IGNITE_UPDATE_NOTIFIER		"" + DFLT_UPDATE_NOTIFIER	If this system property is set to false - no checks for new versions will  be performed by Ignite. By default, Ignite periodically checks for the new version and prints out the  message into the log if a new version of Ignite is available for download. Update notifier enabled flag is  a cluster-wide value and determined according to the local setting during the start of the first node in  the cluster. The chosen value will survive the first node shutdown and will override the property value  on all newly joining nodes	modules/core/src/main/java/org/apache/ignite/IgniteSystemProperties.java	212
IGNITE_STARVATION_CHECK_INTERVAL	IGNITE_STARVATION_CHECK_INTERVAL	Long	DFLT_PERIODIC_STARVATION_CHECK_FREQ + " milliseconds"	Interval in milliseconds in which Ignite will check thread pool state for starvation.  Zero value will disable checker	modules/core/src/main/java/org/apache/ignite/IgniteSystemProperties.java	221
IGNITE_NO_ASCII	IGNITE_NO_ASCII	Long	DFLT_PERIODIC_STARVATION_CHECK_FREQ + " milliseconds"	Interval in milliseconds in which Ignite will check thread pool state for starvation.  Zero value will disable checker	modules/core/src/main/java/org/apache/ignite/IgniteSystemProperties.java	228
IGNITE_JETTY_HOST	IGNITE_JETTY_HOST			If this system property is present (any value) - no ASCII logo will be printed	modules/core/src/main/java/org/apache/ignite/IgniteSystemProperties.java	234
IGNITE_JETTY_PORT	IGNITE_JETTY_PORT	String		Jetty host for REST processor	modules/core/src/main/java/org/apache/ignite/IgniteSystemProperties.java	240
IGNITE_JETTY_LOG_NO_OVERRIDE	IGNITE_JETTY_LOG_NO_OVERRIDE	Integer		Jetty local port for REST processor	modules/core/src/main/java/org/apache/ignite/IgniteSystemProperties.java	246
IGNITE_REST_SESSION_TIMEOUT	IGNITE_REST_SESSION_TIMEOUT	Long	DFLT_SES_TIMEOUT + " seconds"	REST session expire time in seconds	modules/core/src/main/java/org/apache/ignite/IgniteSystemProperties.java	251
IGNITE_REST_SECURITY_TOKEN_TIMEOUT	IGNITE_REST_SECURITY_TOKEN_TIMEOUT	Long	DFLT_SES_TIMEOUT + " seconds"	REST session expire time in seconds	modules/core/src/main/java/org/apache/ignite/IgniteSystemProperties.java	256
IGNITE_REST_MAX_TASK_RESULTS	IGNITE_REST_MAX_TASK_RESULTS	Long	DFLT_SES_TOKEN_INVALIDATE_INTERVAL + " seconds"	REST session security token expire time in seconds	modules/core/src/main/java/org/apache/ignite/IgniteSystemProperties.java	264
IGNITE_REST_START_ON_CLIENT	IGNITE_REST_START_ON_CLIENT	Integer	"" + DFLT_MAX_TASK_RESULTS	Maximum count of task results stored on one node in REST processor	modules/core/src/main/java/org/apache/ignite/IgniteSystemProperties.java	271
IGNITE_REST_GETALL_AS_ARRAY	IGNITE_REST_GETALL_AS_ARRAY				modules/core/src/main/java/org/apache/ignite/IgniteSystemProperties.java	282
IGNITE_NEAR_GET_MAX_REMAPS	IGNITE_NEAR_GET_MAX_REMAPS	Integer	"" + DFLT_MAX_REMAP_CNT	Maximum number of attempts to remap near get to the same primary node.  Remapping may be needed when topology is changed concurrently with get operation	modules/core/src/main/java/org/apache/ignite/IgniteSystemProperties.java	292
IGNITE_QUIET	IGNITE_QUIET		"true"	In quiet mode, only warning and errors are printed into the log additionally to a  shortened version of standard output on the start. Note that if you use ignite.{sh|bat} scripts to start  Ignite they start by default in quiet mode. You can supply -v flag to override it	modules/core/src/main/java/org/apache/ignite/IgniteSystemProperties.java	305
IGNITE_TROUBLESHOOTING_LOGGER	IGNITE_TROUBLESHOOTING_LOGGER				modules/core/src/main/java/org/apache/ignite/IgniteSystemProperties.java	315
IGNITE_CONSOLE_APPENDER	IGNITE_CONSOLE_APPENDER		"true"	If true (default) and Ignite is launched in verbose mode (see IGNITE_QUIET)  and no console appenders can be found in configuration, then default console appender will be added.  Set this property to false if no appenders should be added	modules/core/src/main/java/org/apache/ignite/IgniteSystemProperties.java	326
IGNITE_EXCHANGE_HISTORY_SIZE	IGNITE_EXCHANGE_HISTORY_SIZE		"true"	If true (default) and Ignite is launched in verbose mode (see IGNITE_QUIET)  and no console appenders can be found in configuration, then default console appender will be added.  Set this property to false if no appenders should be added	modules/core/src/main/java/org/apache/ignite/IgniteSystemProperties.java	331
IGNITE_EXCHANGE_MERGE_DELAY	IGNITE_EXCHANGE_MERGE_DELAY	Integer	"" + DFLT_EXCHANGE_HISTORY_SIZE	Maximum size for exchange history	modules/core/src/main/java/org/apache/ignite/IgniteSystemProperties.java	336
IGNITE_PROG_NAME	IGNITE_PROG_NAME	Long	"" + DFLT_EXCHANGE_MERGE_DELAY	Partition map exchange merge delay in milliseconds	modules/core/src/main/java/org/apache/ignite/IgniteSystemProperties.java	342
IGNITE_SUCCESS_FILE	IGNITE_SUCCESS_FILE	String	DFLT_PROG_NAME	Name of command line program	modules/core/src/main/java/org/apache/ignite/IgniteSystemProperties.java	351
IGNITE_LOCAL_HOST	IGNITE_LOCAL_HOST	String		Sets a system-wide local IP address or hostname to be  used by Ignite networking components. Once provided, the property overrides all the default local binding  settings for Ignite nodes. Note, that the address can also be changed via  IgniteConfiguration.setLocalHost(String) method. However, this system property has bigger priority and  overrides the settings set via IgniteConfiguration	modules/core/src/main/java/org/apache/ignite/IgniteSystemProperties.java	367
IGNITE_DEP_MODE_OVERRIDE	IGNITE_DEPLOYMENT_MODE_OVERRIDE	DeploymentMode		Sets deployment mode configuration parameter. Valid  values for property are: PRIVATE, ISOLATED, SHARED or CONTINUOUS	modules/core/src/main/java/org/apache/ignite/IgniteSystemProperties.java	378
IGNITE_MAX_COMPLETED_TX_COUNT	IGNITE_MAX_COMPLETED_TX_COUNT	Integer	"" + DFLT_MAX_COMPLETED_TX_CNT	Size of buffer holding completed transaction versions.  Buffer is used to detect duplicate transaction.  In most cases this value is large enough and does not need to be changed	modules/core/src/main/java/org/apache/ignite/IgniteSystemProperties.java	389
IGNITE_SLOW_TX_WARN_TIMEOUT	IGNITE_SLOW_TX_WARN_TIMEOUT	Integer	"" + DFLT_SLOW_TX_WARN_TIMEOUT	Transactions that take more time, than value of this property (in milliseconds),  will be output to warnings. 0 disables warnings on slow transactions	modules/core/src/main/java/org/apache/ignite/IgniteSystemProperties.java	398
IGNITE_TX_DEADLOCK_DETECTION_MAX_ITERS	IGNITE_TX_DEADLOCK_DETECTION_MAX_ITERS	Integer	"" + DFLT_TX_DEADLOCK_DETECTION_MAX_ITERS	Maximum number of iterations for deadlock detection procedure.  If value of this property is less then or equal to zero then deadlock detection will be disabled	modules/core/src/main/java/org/apache/ignite/IgniteSystemProperties.java	407
IGNITE_TX_DEADLOCK_DETECTION_TIMEOUT	IGNITE_TX_DEADLOCK_DETECTION_TIMEOUT	Integer	"" + DFLT_TX_DEADLOCK_DETECTION_MAX_ITERS	Maximum number of iterations for deadlock detection procedure.  If value of this property is less then or equal to zero then deadlock detection will be disabled	modules/core/src/main/java/org/apache/ignite/IgniteSystemProperties.java	414
IGNITE_PENDING_TX_TRACKER_ENABLED	IGNITE_PENDING_TX_TRACKER_ENABLED			Enables pending transaction tracker.  Affects impact of IGNITE_DISABLE_WAL_DURING_REBALANCING property:  if this property is set,  WAL anyway won't be disabled during rebalancing triggered by baseline topology change	modules/core/src/main/java/org/apache/ignite/IgniteSystemProperties.java	424
IGNITE_OVERRIDE_MCAST_GRP	IGNITE_OVERRIDE_MCAST_GRP			Enables pending transaction tracker.  Affects impact of IGNITE_DISABLE_WAL_DURING_REBALANCING property:  if this property is set,  WAL anyway won't be disabled during rebalancing triggered by baseline topology change	modules/core/src/main/java/org/apache/ignite/IgniteSystemProperties.java	432
IGNITE_REFLECTION_CACHE_SIZE	IGNITE_REFLECTION_CACHE_SIZE	String		Overrides multicast group taken from configuration. Used for testing purposes	modules/core/src/main/java/org/apache/ignite/IgniteSystemProperties.java	439
IGNITE_JOBS_HISTORY_SIZE	IGNITE_JOBS_HISTORY_SIZE	Integer	"" + DFLT_REFLECTION_CACHE_SIZE	Overrides default reflection cache size	modules/core/src/main/java/org/apache/ignite/IgniteSystemProperties.java	447
IGNITE_JOBS_METRICS_CONCURRENCY_LEVEL	IGNITE_JOBS_METRICS_CONCURRENCY_LEVEL	Integer	"" + DFLT_JOBS_METRICS_CONCURRENCY_LEVEL	Job metrics processor property defining concurrency level  for structure holding job metrics snapshots	modules/core/src/main/java/org/apache/ignite/IgniteSystemProperties.java	460
IGNITE_CONFIG_URL	IGNITE_CONFIG_URL	Integer	"" + DFLT_JOBS_METRICS_CONCURRENCY_LEVEL	Job metrics processor property defining concurrency level  for structure holding job metrics snapshots	modules/core/src/main/java/org/apache/ignite/IgniteSystemProperties.java	466
IGNITE_SSH_HOST	IGNITE_SSH_HOST	String		Configuration URL	modules/core/src/main/java/org/apache/ignite/IgniteSystemProperties.java	470
IGNITE_ENABLE_EXPERIMENTAL_COMMAND	IGNITE_ENABLE_EXPERIMENTAL_COMMAND	String		SSH host name for visor-started nodes	modules/core/src/main/java/org/apache/ignite/IgniteSystemProperties.java	478
IGNITE_SSH_USER_NAME	IGNITE_SSH_USER_NAME	String		SSH user name for visor-started nodes	modules/core/src/main/java/org/apache/ignite/IgniteSystemProperties.java	482
IGNITE_PRELOAD_RESEND_TIMEOUT	IGNITE_PRELOAD_RESEND_TIMEOUT	String		SSH user name for visor-started nodes	modules/core/src/main/java/org/apache/ignite/IgniteSystemProperties.java	487
IGNITE_DISABLE_HOSTNAME_VERIFIER	IGNITE_DISABLE_HOSTNAME_VERIFIER	Long	"" + DFLT_PRELOAD_RESEND_TIMEOUT	Preload resend timeout for evicted partitions in milliseconds	modules/core/src/main/java/org/apache/ignite/IgniteSystemProperties.java	495
IGNITE_MIN_BUFFERED_COMMUNICATION_MSG_CNT	IGNITE_MIN_BUFFERED_COMMUNICATION_MSG_CNT	Integer	"512"	Disables buffered communication if node sends less messages count  than specified by this property	modules/core/src/main/java/org/apache/ignite/IgniteSystemProperties.java	506
IGNITE_ATOMIC_CACHE_DELETE_HISTORY_SIZE	IGNITE_ATOMIC_CACHE_DELETE_HISTORY_SIZE	Integer	"512"	Disables buffered communication if node sends less messages count  than specified by this property	modules/core/src/main/java/org/apache/ignite/IgniteSystemProperties.java	511
IGNITE_CACHE_REMOVED_ENTRIES_TTL	IGNITE_CACHE_REMOVED_ENTRIES_TTL	Integer	"" + DFLT_ATOMIC_CACHE_DELETE_HISTORY_SIZE + " per partition"	Maximum size for atomic cache queue delete history	modules/core/src/main/java/org/apache/ignite/IgniteSystemProperties.java	516
IGNITE_TCP_DISCOVERY_ADDRESSES	IGNITE_TCP_DISCOVERY_ADDRESSES	Long	"" + DFLT_CACHE_REMOVE_ENTRIES_TTL	Ttl of removed cache entries in milliseconds	modules/core/src/main/java/org/apache/ignite/IgniteSystemProperties.java	525
IGNITE_PERFORMANCE_SUGGESTIONS_DISABLED	IGNITE_PERFORMANCE_SUGGESTIONS_DISABLED	String		Comma separated list of addresses in format  \\"10.100.22.100:45000,10.100.22.101:45000\\". Used only for  org.apache.ignite.spi.discovery.tcp.ipfinder.vm.TcpDiscoveryVmIpFinder	modules/core/src/main/java/org/apache/ignite/IgniteSystemProperties.java	531
IGNITE_ALLOW_MIXED_CACHE_GROUPS	IGNITE_ALLOW_MIXED_CACHE_GROUPS		"false"	Allows mixed cache groups	modules/core/src/main/java/org/apache/ignite/IgniteSystemProperties.java	538
IGNITE_ATOMIC_DEFERRED_ACK_BUFFER_SIZE	IGNITE_ATOMIC_DEFERRED_ACK_BUFFER_SIZE		"false"	Allows mixed cache groups	modules/core/src/main/java/org/apache/ignite/IgniteSystemProperties.java	545
IGNITE_ATOMIC_DEFERRED_ACK_TIMEOUT	IGNITE_ATOMIC_DEFERRED_ACK_TIMEOUT	Integer	"" + DFLT_ATOMIC_DEFERRED_ACK_BUFFER_SIZE	Atomic cache deferred update response buffer size	modules/core/src/main/java/org/apache/ignite/IgniteSystemProperties.java	552
IGNITE_ATOMIC_CACHE_QUEUE_RETRY_TIMEOUT	IGNITE_ATOMIC_CACHE_QUEUE_RETRY_TIMEOUT	Integer	"" + DFLT_ATOMIC_DEFERRED_ACK_TIMEOUT	Atomic cache deferred update timeout	modules/core/src/main/java/org/apache/ignite/IgniteSystemProperties.java	559
IGNITE_DEFERRED_ONE_PHASE_COMMIT_ACK_REQUEST_TIMEOUT	IGNITE_DEFERRED_ONE_PHASE_COMMIT_ACK_REQUEST_TIMEOUT	Integer	"" + DFLT_ATOMIC_CACHE_QUERY_RETRY_TIMEOUT	Atomic cache deferred update timeout	modules/core/src/main/java/org/apache/ignite/IgniteSystemProperties.java	566
IGNITE_DEFERRED_ONE_PHASE_COMMIT_ACK_REQUEST_BUFFER_SIZE	IGNITE_DEFERRED_ONE_PHASE_COMMIT_ACK_REQUEST_BUFFER_SIZE	Integer	"" + DFLT_DEFERRED_ONE_PHASE_COMMIT_ACK_REQUEST_TIMEOUT	One phase commit deferred ack request timeout	modules/core/src/main/java/org/apache/ignite/IgniteSystemProperties.java	574
IGNITE_H2_DEBUG_CONSOLE	IGNITE_H2_DEBUG_CONSOLE	String		Enables debug console for H2 indexing SPI	modules/core/src/main/java/org/apache/ignite/IgniteSystemProperties.java	585
IGNITE_H2_DEBUG_CONSOLE_PORT	IGNITE_H2_DEBUG_CONSOLE_PORT				modules/core/src/main/java/org/apache/ignite/IgniteSystemProperties.java	599
IGNITE_SKIP_CONFIGURATION_CONSISTENCY_CHECK	IGNITE_SKIP_CONFIGURATION_CONSISTENCY_CHECK				modules/core/src/main/java/org/apache/ignite/IgniteSystemProperties.java	605
IGNITE_CACHE_KEY_VALIDATION_DISABLED	IGNITE_CACHE_KEY_VALIDATION_DISABLED				modules/core/src/main/java/org/apache/ignite/IgniteSystemProperties.java	615
IGNITE_LOG_DIR	IGNITE_LOG_DIR	String		Logging directory. Overrides configuration value	modules/core/src/main/java/org/apache/ignite/IgniteSystemProperties.java	621
IGNITE_WORK_DIR	IGNITE_WORK_DIR	String		Logging directory. Overrides configuration value	modules/core/src/main/java/org/apache/ignite/IgniteSystemProperties.java	629
IGNITE_MBEAN_APPEND_JVM_ID	IGNITE_MBEAN_APPEND_JVM_ID				modules/core/src/main/java/org/apache/ignite/IgniteSystemProperties.java	644
IGNITE_MBEAN_APPEND_CLASS_LOADER_ID	IGNITE_MBEAN_APPEND_CLASS_LOADER_ID		"" + DFLT_MBEAN_APPEND_CLASS_LOADER_ID	Enables Ignite to append hash code of class loader to MXBean name	modules/core/src/main/java/org/apache/ignite/IgniteSystemProperties.java	654
IGNITE_MBEANS_DISABLED	IGNITE_MBEANS_DISABLED				modules/core/src/main/java/org/apache/ignite/IgniteSystemProperties.java	664
IGNITE_TEST_FEATURES_ENABLED	IGNITE_TEST_FEATURES_ENABLED				modules/core/src/main/java/org/apache/ignite/IgniteSystemProperties.java	672
IGNITE_EXCEPTION_REGISTRY_MAX_SIZE	IGNITE_EXCEPTION_REGISTRY_MAX_SIZE	Integer	"" + DEFAULT_QUEUE_SIZE	Size of buffer holding last exception	modules/core/src/main/java/org/apache/ignite/IgniteSystemProperties.java	680
IGNITE_CACHE_CLIENT	IGNITE_CACHE_CLIENT	Integer	"" + DEFAULT_QUEUE_SIZE	Size of buffer holding last exception	modules/core/src/main/java/org/apache/ignite/IgniteSystemProperties.java	686
IGNITE_JCACHE_DEFAULT_ISOLATED	IGNITE_CACHE_CLIENT		"" + DFLT_JCACHE_DEFAULT_ISOLATED	Enables CacheManager to start grid with isolated  IP finder when default URL is passed in. This is needed to pass TCK tests which use default URL and  assume isolated cache managers for different class loaders	modules/core/src/main/java/org/apache/ignite/IgniteSystemProperties.java	696
IGNITE_SQL_MERGE_TABLE_MAX_SIZE	IGNITE_SQL_MERGE_TABLE_MAX_SIZE	Integer	"10000"	Maximum number of SQL result rows which can be fetched into a merge table.  If there are less rows than this threshold then multiple passes throw a table will be possible,  otherwise only one pass (e.g. only result streaming is possible)	modules/core/src/main/java/org/apache/ignite/IgniteSystemProperties.java	707
IGNITE_SQL_MERGE_TABLE_PREFETCH_SIZE	IGNITE_SQL_MERGE_TABLE_PREFETCH_SIZE	Integer	"1024"	Number of SQL result rows that will be fetched into a merge table at once  before applying binary search for the bounds	modules/core/src/main/java/org/apache/ignite/IgniteSystemProperties.java	715
IGNITE_SQL_PARSER_DISABLE_H2_FALLBACK	IGNITE_SQL_PARSER_DISABLE_H2_FALLBACK	Integer	"1024"	Number of SQL result rows that will be fetched into a merge table at once  before applying binary search for the bounds	modules/core/src/main/java/org/apache/ignite/IgniteSystemProperties.java	720
IGNITE_SQL_DISABLE_SYSTEM_VIEWS	IGNITE_SQL_DISABLE_SYSTEM_VIEWS	Integer	"1024"	Number of SQL result rows that will be fetched into a merge table at once  before applying binary search for the bounds	modules/core/src/main/java/org/apache/ignite/IgniteSystemProperties.java	724
IGNITE_SQL_RETRY_TIMEOUT	IGNITE_SQL_RETRY_TIMEOUT	Long	"30 seconds"	SQL retry timeout in milliseconds	modules/core/src/main/java/org/apache/ignite/IgniteSystemProperties.java	728
IGNITE_SQL_UUID_DDL_BYTE_FORMAT	IGNITE_SQL_UUID_DDL_BYTE_FORMAT	Long	"30 seconds"	SQL retry timeout in milliseconds	modules/core/src/main/java/org/apache/ignite/IgniteSystemProperties.java	732
IGNITE_AFFINITY_HISTORY_SIZE	IGNITE_AFFINITY_HISTORY_SIZE	Long	"30 seconds"	SQL retry timeout in milliseconds	modules/core/src/main/java/org/apache/ignite/IgniteSystemProperties.java	737
IGNITE_DISCOVERY_HISTORY_SIZE	IGNITE_DISCOVERY_HISTORY_SIZE	Integer	"" + DFLT_AFFINITY_HISTORY_SIZE	Maximum size for affinity assignment history	modules/core/src/main/java/org/apache/ignite/IgniteSystemProperties.java	742
IGNITE_DISCOVERY_CLIENT_RECONNECT_HISTORY_SIZE	IGNITE_DISCOVERY_CLIENT_RECONNECT_HISTORY_SIZE	Integer	"" + DFLT_DISCOVERY_HISTORY_SIZE	Maximum size for discovery messages history	modules/core/src/main/java/org/apache/ignite/IgniteSystemProperties.java	747
IGNITE_DISCOVERY_METRICS_QNT_WARN	IGNITE_DISCOVERY_METRICS_QNT_WARN	Integer	"" + DFLT_DISCOVERY_CLIENT_RECONNECT_HISTORY_SIZE	Maximum number of discovery message history used to support client reconnect	modules/core/src/main/java/org/apache/ignite/IgniteSystemProperties.java	753
IGNITE_CACHE_RETRIES_COUNT	IGNITE_CACHE_RETRIES_COUNT	Long	"" + DFLT_THROTTLE_RECONNECT_RESET_TIMEOUT_INTERVAL	Time interval in milliseconds that indicates client reconnect throttle  must be reset to zero	modules/core/src/main/java/org/apache/ignite/IgniteSystemProperties.java	765
IGNITE_THREAD_DUMP_ON_EXCHANGE_TIMEOUT	IGNITE_THREAD_DUMP_ON_EXCHANGE_TIMEOUT	Integer	"" + DFLT_CACHE_RETRIES_COUNT	Number of cache operation retries in case of topology exceptions	modules/core/src/main/java/org/apache/ignite/IgniteSystemProperties.java	769
IGNITE_IO_DUMP_ON_TIMEOUT	IGNITE_IO_DUMP_ON_TIMEOUT	Integer	"" + DFLT_CACHE_RETRIES_COUNT	Number of cache operation retries in case of topology exceptions	modules/core/src/main/java/org/apache/ignite/IgniteSystemProperties.java	773
IGNITE_DIAGNOSTIC_ENABLED	IGNITE_DIAGNOSTIC_ENABLED		"" + DFLT_DIAGNOSTIC_ENABLED	Enables diagnostic flag	modules/core/src/main/java/org/apache/ignite/IgniteSystemProperties.java	777
IGNITE_LONG_OPERATIONS_DUMP_TIMEOUT	IGNITE_LONG_OPERATIONS_DUMP_TIMEOUT		"" + DFLT_DIAGNOSTIC_ENABLED	Enables diagnostic flag	modules/core/src/main/java/org/apache/ignite/IgniteSystemProperties.java	782
IGNITE_LONG_OPERATIONS_DUMP_TIMEOUT_LIMIT	IGNITE_LONG_OPERATIONS_DUMP_TIMEOUT_LIMIT		"" + DFLT_DIAGNOSTIC_ENABLED	Enables diagnostic flag	modules/core/src/main/java/org/apache/ignite/IgniteSystemProperties.java	787
IGNITE_JDBC_DRIVER_CURSOR_REMOVE_DELAY	IGNITE_JDBC_DRIVER_CURSOR_RMV_DELAY	Long	"" + DFLT_LONG_OPERATIONS_DUMP_TIMEOUT_LIMIT	Upper time limit between long running/hanging operations debug dumps  in milliseconds	modules/core/src/main/java/org/apache/ignite/IgniteSystemProperties.java	792
IGNITE_LONG_LONG_HASH_MAP_LOAD_FACTOR	IGNITE_LONG_LONG_HASH_MAP_LOAD_FACTOR	Long	"10 minutes"	JDBC driver cursor remove delay in milliseconds	modules/core/src/main/java/org/apache/ignite/IgniteSystemProperties.java	797
IGNITE_MAX_NESTED_LISTENER_CALLS	IGNITE_MAX_NESTED_LISTENER_CALLS	Float	"" + DFLT_LONG_LONG_HASH_MAP_LOAD_FACTOR	Long-long offheap map load factor	modules/core/src/main/java/org/apache/ignite/IgniteSystemProperties.java	802
IGNITE_LOCAL_STORE_KEEPS_PRIMARY_ONLY	IGNITE_LOCAL_STORE_KEEPS_PRIMARY_ONLY	Float	"" + DFLT_LONG_LONG_HASH_MAP_LOAD_FACTOR	Long-long offheap map load factor	modules/core/src/main/java/org/apache/ignite/IgniteSystemProperties.java	806
IGNITE_H2_INDEXING_CACHE_CLEANUP_PERIOD	IGNITE_H2_INDEXING_CACHE_CLEANUP_PERIOD	Long	"10 seconds"	Period in milliseconds between calls of the SQL  statements cache cleanup task. Cleanup tasks clears cache for terminated threads and for threads which did  not perform SQL queries within timeout configured via IGNITE_H2_INDEXING_CACHE_THREAD_USAGE_TIMEOUT  property	modules/core/src/main/java/org/apache/ignite/IgniteSystemProperties.java	820
IGNITE_H2_INDEXING_CACHE_THREAD_USAGE_TIMEOUT	IGNITE_H2_INDEXING_CACHE_THREAD_USAGE_TIMEOUT	Long	"10 minutes"	Timeout in milliseconds after which thread's SQL statements cache is cleared  by cleanup task if the thread does not perform any query	modules/core/src/main/java/org/apache/ignite/IgniteSystemProperties.java	831
IGNITE_STREAM_TRANSFORMER_COMPATIBILITY_MODE	IGNITE_STREAM_TRANSFORMER_COMPATIBILITY_MODE				modules/core/src/main/java/org/apache/ignite/IgniteSystemProperties.java	849
IGNITE_CONSISTENT_ID_BY_HOST_WITHOUT_PORT	IGNITE_CONSISTENT_ID_BY_HOST_WITHOUT_PORT				modules/core/src/main/java/org/apache/ignite/IgniteSystemProperties.java	858
IGNITE_OVERRIDE_CONSISTENT_ID	IGNITE_OVERRIDE_CONSISTENT_ID	String		Consistent ID of Ignite node. Value of the  system property will overwrite matched property IgniteConfiguration.setConsistentId(Serializable)  in configuration	modules/core/src/main/java/org/apache/ignite/IgniteSystemProperties.java	869
IGNITE_IGNORE_LOCAL_HOST_NAME	IGNITE_IGNORE_LOCAL_HOST_NAME		"true"	Ignores local address's hostname if IGNITE_LOCAL_HOST is defined  when resolving local node's addresses	modules/core/src/main/java/org/apache/ignite/IgniteSystemProperties.java	880
IGNITE_UNWRAP_BINARY_FOR_INDEXING_SPI	IGNITE_UNWRAP_BINARY_FOR_INDEXING_SPI				modules/core/src/main/java/org/apache/ignite/IgniteSystemProperties.java	891
IGNITE_MAX_INDEX_PAYLOAD_SIZE	IGNITE_MAX_INDEX_PAYLOAD_SIZE	Integer	"64"	Maximum payload size in bytes for H2TreeIndex.  0 means that inline index store is disabled	modules/core/src/main/java/org/apache/ignite/IgniteSystemProperties.java	900
IGNITE_REBALANCE_STATISTICS_TIME_INTERVAL	IGNITE_REBALANCE_STATISTICS_TIME_INTERVAL	Integer	"64"	Maximum payload size in bytes for H2TreeIndex.  0 means that inline index store is disabled	modules/core/src/main/java/org/apache/ignite/IgniteSystemProperties.java	909
IGNITE_TTL_EXPIRE_BATCH_SIZE	IGNITE_TTL_EXPIRE_BATCH_SIZE	Integer	"60000"	Time interval for calculating rebalance rate statistics, in milliseconds	modules/core/src/main/java/org/apache/ignite/IgniteSystemProperties.java	917
IGNITE_INDEXING_DISCOVERY_HISTORY_SIZE	IGNITE_INDEXING_DISCOVERY_HISTORY_SIZE	Integer	"" + DFLT_INDEXING_DISCOVERY_HISTORY_SIZE	Indexing discovery history size. Protects from duplicate messages  maintaining the list of IDs of recently arrived discovery messages	modules/core/src/main/java/org/apache/ignite/IgniteSystemProperties.java	928
IGNITE_CACHE_START_SIZE	IGNITE_CACHE_START_SIZE	Integer	"" + DFLT_INDEXING_DISCOVERY_HISTORY_SIZE	Indexing discovery history size. Protects from duplicate messages  maintaining the list of IDs of recently arrived discovery messages	modules/core/src/main/java/org/apache/ignite/IgniteSystemProperties.java	933
IGNITE_START_CACHES_ON_JOIN	IGNITE_START_CACHES_ON_JOIN	Integer	"" + DFLT_CACHE_START_SIZE	Cache start size for on-heap maps	modules/core/src/main/java/org/apache/ignite/IgniteSystemProperties.java	937
IGNITE_PDS_SKIP_CRC	IGNITE_PDS_SKIP_CRC				modules/core/src/main/java/org/apache/ignite/IgniteSystemProperties.java	943
IGNITE_PDS_PARTITION_DESTROY_CHECKPOINT_DELAY	IGNITE_PDS_PARTITION_DESTROY_CHECKPOINT_DELAY	Integer		PDS partition destroy checkpoint delay	modules/core/src/main/java/org/apache/ignite/IgniteSystemProperties.java	950
IGNITE_PDS_WAL_REBALANCE_THRESHOLD	IGNITE_PDS_WAL_REBALANCE_THRESHOLD	Integer		PDS partition destroy checkpoint delay	modules/core/src/main/java/org/apache/ignite/IgniteSystemProperties.java	960
IGNITE_PREFER_WAL_REBALANCE	IGNITE_PREFER_WAL_REBALANCE	Integer	"" + DFLT_PDS_WAL_REBALANCE_THRESHOLD	WAL rebalance threshold	modules/core/src/main/java/org/apache/ignite/IgniteSystemProperties.java	969
IGNITE_CHECKPOINT_MAP_SNAPSHOT_THRESHOLD	IGNITE_CHECKPOINT_MAP_SNAPSHOT_THRESHOLD	Integer	"" + DFLT_IGNITE_CHECKPOINT_MAP_SNAPSHOT_THRESHOLD	Threshold of the checkpoint quantity since the last earliest checkpoint map snapshot.  After this thresold is reached, a snapshot of the earliest checkpoint map will be captured	modules/core/src/main/java/org/apache/ignite/IgniteSystemProperties.java	979
IGNITE_OFFHEAP_LOCK_CONCURRENCY_LEVEL	IGNITE_OFFHEAP_LOCK_CONCURRENCY_LEVEL	Integer	"" + DFLT_IGNITE_CHECKPOINT_MAP_SNAPSHOT_THRESHOLD	Threshold of the checkpoint quantity since the last earliest checkpoint map snapshot.  After this thresold is reached, a snapshot of the earliest checkpoint map will be captured	modules/core/src/main/java/org/apache/ignite/IgniteSystemProperties.java	983
IGNITE_SECURITY_COMPATIBILITY_MODE	IGNITE_SECURITY_COMPATIBILITY_MODE				modules/core/src/main/java/org/apache/ignite/IgniteSystemProperties.java	999
IGNITE_CLUSTER_NAME	IGNITE_CLUSTER_NAME	String		Ignite cluster name. Defaults to cluster ID	modules/core/src/main/java/org/apache/ignite/IgniteSystemProperties.java	1003
IGNITE_CLIENT_CACHE_CHANGE_MESSAGE_TIMEOUT	IGNITE_CLIENT_CACHE_CHANGE_MESSAGE_TIMEOUT	Long	"" + DFLT_CLIENT_CACHE_CHANGE_MESSAGE_TIMEOUT	When client cache is started or closed special discovery message is sent  to notify cluster (for example this is needed for ClusterGroup.forCacheNodes(String) API. This timeout  in milliseconds specifies how long to wait after client cache start/close before sending this message. If  during this timeout another client cache changed, these events are combined into single message	modules/core/src/main/java/org/apache/ignite/IgniteSystemProperties.java	1018
IGNITE_PARTITION_RELEASE_FUTURE_DUMP_THRESHOLD	IGNITE_PARTITION_RELEASE_FUTURE_DUMP_THRESHOLD	Integer	"" + DFLT_PARTITION_RELEASE_FUTURE_DUMP_THRESHOLD	If a partition release future completion time during an exchange exceeds  this threshold (in milliseconds), the contents of the future will be dumped to the log on exchange.  0 means disabled	modules/core/src/main/java/org/apache/ignite/IgniteSystemProperties.java	1028
IGNITE_PARTITION_RELEASE_FUTURE_WARN_LIMIT	IGNITE_PARTITION_RELEASE_FUTURE_WARN_LIMIT	Integer	"" + DFLT_IGNITE_PARTITION_RELEASE_FUTURE_WARN_LIMIT	This property specifies the maximum number of futures that are included into diagnostic  message	modules/core/src/main/java/org/apache/ignite/IgniteSystemProperties.java	1037
IGNITE_ENABLE_FORCIBLE_NODE_KILL	IGNITE_ENABLE_FORCIBLE_NODE_KILL	Integer	"" + DFLT_IGNITE_PARTITION_RELEASE_FUTURE_WARN_LIMIT	This property specifies the maximum number of futures that are included into diagnostic  message	modules/core/src/main/java/org/apache/ignite/IgniteSystemProperties.java	1046
IGNITE_DATA_STREAMING_EXECUTOR_SERVICE_TASKS_STEALING_THRESHOLD	IGNITE_DATA_STREAMING_EXECUTOR_SERVICE_TASKS_STEALING_THRESHOLD	Integer	"" + DFLT_DATA_STREAMING_EXECUTOR_SERVICE_TASKS_STEALING_THRESHOLD	Tasks stealing will be started if tasks queue size per data-streamer thread  exceeds this threshold	modules/core/src/main/java/org/apache/ignite/IgniteSystemProperties.java	1056
IGNITE_USE_ASYNC_FILE_IO_FACTORY	IGNITE_USE_ASYNC_FILE_IO_FACTORY	Integer	"" + DFLT_DATA_STREAMING_EXECUTOR_SERVICE_TASKS_STEALING_THRESHOLD	Tasks stealing will be started if tasks queue size per data-streamer thread  exceeds this threshold	modules/core/src/main/java/org/apache/ignite/IgniteSystemProperties.java	1064
IGNITE_OVERRIDE_WRITE_THROTTLING_ENABLED	IGNITE_OVERRIDE_WRITE_THROTTLING_ENABLED		"" + DFLT_USE_ASYNC_FILE_IO_FACTORY	If this property is set, then Ignite will use Async File IO factory by default	modules/core/src/main/java/org/apache/ignite/IgniteSystemProperties.java	1071
IGNITE_WAL_SERIALIZER_VERSION	IGNITE_WAL_SERIALIZER_VERSION	String		Checkpoint throttling policy	modules/core/src/main/java/org/apache/ignite/IgniteSystemProperties.java	1078
IGNITE_WAL_SEGMENT_SYNC_TIMEOUT	IGNITE_WAL_SEGMENT_SYNC_TIMEOUT	Integer	"" + LATEST_SERIALIZER_VERSION	WAL serializer version	modules/core/src/main/java/org/apache/ignite/IgniteSystemProperties.java	1083
IGNITE_USE_LEGACY_NODE_COMPARATOR	IGNITE_USE_LEGACY_NODE_COMPARATOR	Long	"" + DFLT_WAL_SEGMENT_SYNC_TIMEOUT	WAL segment sync timeout in milliseconds	modules/core/src/main/java/org/apache/ignite/IgniteSystemProperties.java	1091
IGNITE_WAL_MMAP	IGNITE_WAL_MMAP		"" + DFLT_WAL_MMAP	Enables usage of the mapped byte buffer	modules/core/src/main/java/org/apache/ignite/IgniteSystemProperties.java	1098
IGNITE_DATA_STORAGE_FOLDER_BY_CONSISTENT_ID	IGNITE_DATA_STORAGE_FOLDER_BY_CONSISTENT_ID		"" + DFLT_WAL_MMAP	Enables usage of the mapped byte buffer	modules/core/src/main/java/org/apache/ignite/IgniteSystemProperties.java	1108
IGNITE_JVM_PAUSE_DETECTOR_DISABLED	IGNITE_JVM_PAUSE_DETECTOR_DISABLED				modules/core/src/main/java/org/apache/ignite/IgniteSystemProperties.java	1112
IGNITE_JVM_PAUSE_DETECTOR_PRECISION	IGNITE_JVM_PAUSE_DETECTOR_PRECISION	Integer	"" + DFLT_JVM_PAUSE_DETECTOR_PRECISION	JVM pause detector precision	modules/core/src/main/java/org/apache/ignite/IgniteSystemProperties.java	1117
IGNITE_JVM_PAUSE_DETECTOR_THRESHOLD	IGNITE_JVM_PAUSE_DETECTOR_THRESHOLD	Integer	"" + DFLT_JVM_PAUSE_DETECTOR_PRECISION	JVM pause detector precision	modules/core/src/main/java/org/apache/ignite/IgniteSystemProperties.java	1122
IGNITE_JVM_PAUSE_DETECTOR_LAST_EVENTS_COUNT	IGNITE_JVM_PAUSE_DETECTOR_LAST_EVENTS_COUNT	Integer	"" + DEFAULT_JVM_PAUSE_DETECTOR_THRESHOLD	JVM pause detector threshold	modules/core/src/main/java/org/apache/ignite/IgniteSystemProperties.java	1127
IGNITE_THIN_CLIENT_ASYNC_REQUESTS_WAIT_TIMEOUT	IGNITE_THIN_CLIENT_ASYNC_REQUESTS_WAIT_TIMEOUT	Long	"" + DFLT_ASYNC_REQUEST_WAIT_TIMEOUT_MILLIS	Timeout in milliseconds that determines how long Ignite will synchronously wait for  asynchronous thin client requests to complete before releasing the thread	modules/core/src/main/java/org/apache/ignite/IgniteSystemProperties.java	1138
IGNITE_WAL_DEBUG_LOG_ON_RECOVERY	IGNITE_WAL_DEBUG_LOG_ON_RECOVERY				modules/core/src/main/java/org/apache/ignite/IgniteSystemProperties.java	1147
IGNITE_PDS_MAX_CHECKPOINT_MEMORY_HISTORY_SIZE	IGNITE_PDS_MAX_CHECKPOINT_MEMORY_HISTORY_SIZE	Integer	"" + DFLT_PDS_MAX_CHECKPOINT_MEMORY_HISTORY_SIZE	Number of checkpoint history entries held in memory	modules/core/src/main/java/org/apache/ignite/IgniteSystemProperties.java	1154
IGNITE_DIRECT_IO_ENABLED	IGNITE_DIRECT_IO_ENABLED		"true"	Enables direct IO. Direct IO enabled only if JAR  file with corresponding feature is available in classpath and OS and filesystem settings allows to enable  this mode	modules/core/src/main/java/org/apache/ignite/IgniteSystemProperties.java	1164
IGNITE_DELAYED_REPLACED_PAGE_WRITE	IGNITE_DELAYED_REPLACED_PAGE_WRITE		"" + DFLT_DELAYED_REPLACED_PAGE_WRITE	When set to true (default), pages are written to page store without  holding segment lock (with delay). Because other thread may require exactly the same page to be loaded  from store, reads are protected by locking	modules/core/src/main/java/org/apache/ignite/IgniteSystemProperties.java	1173
IGNITE_WAL_FSYNC_WITH_DEDICATED_WORKER	IGNITE_WAL_FSYNC_WITH_DEDICATED_WORKER		"" + DFLT_DELAYED_REPLACED_PAGE_WRITE	When set to true (default), pages are written to page store without  holding segment lock (with delay). Because other thread may require exactly the same page to be loaded  from store, reads are protected by locking	modules/core/src/main/java/org/apache/ignite/IgniteSystemProperties.java	1181
IGNITE_DISABLE_ONHEAP_CACHE	IGNITE_DISABLE_ONHEAP_CACHE				modules/core/src/main/java/org/apache/ignite/IgniteSystemProperties.java	1190
IGNITE_LOADED_PAGES_BACKWARD_SHIFT_MAP	IGNITE_LOADED_PAGES_BACKWARD_SHIFT_MAP		"" + DFLT_LOADED_PAGES_BACKWARD_SHIFT_MAP	When set to false, loaded pages implementation is switched to previous  version of implementation, FullPageIdTable. True value enables 'Robin Hood hashing: backward shift  deletion'	modules/core/src/main/java/org/apache/ignite/IgniteSystemProperties.java	1200
IGNITE_CHECKPOINT_TRIGGER_ARCHIVE_SIZE_PERCENTAGE	IGNITE_CHECKPOINT_TRIGGER_ARCHIVE_SIZE_PERCENTAGE		"" + DFLT_LOADED_PAGES_BACKWARD_SHIFT_MAP	When set to false, loaded pages implementation is switched to previous  version of implementation, FullPageIdTable. True value enables 'Robin Hood hashing: backward shift  deletion'	modules/core/src/main/java/org/apache/ignite/IgniteSystemProperties.java	1207
IGNITE_THRESHOLD_WAL_ARCHIVE_SIZE_PERCENTAGE	IGNITE_THRESHOLD_WAL_ARCHIVE_SIZE_PERCENTAGE	Double		Property for setup percentage of WAL archive size to calculate threshold since which  removing of old archive should be started	modules/core/src/main/java/org/apache/ignite/IgniteSystemProperties.java	1217
IGNITE_THRESHOLD_WAIT_TIME_NEXT_WAL_SEGMENT	IGNITE_THRESHOLD_WAIT_TIME_NEXT_WAL_SEGMENT	Long	DFLT_THRESHOLD_WAIT_TIME_NEXT_WAL_SEGMENT + " milliseconds"	Threshold time (in millis) to print warning to log if waiting for next wal  segment took longer than the threshold	modules/core/src/main/java/org/apache/ignite/IgniteSystemProperties.java	1228
IGNITE_WAL_COMPRESSOR_WORKER_THREAD_CNT	IGNITE_WAL_COMPRESSOR_WORKER_THREAD_CNT	Long	DFLT_THRESHOLD_WAIT_TIME_NEXT_WAL_SEGMENT + " milliseconds"	Threshold time (in millis) to print warning to log if waiting for next wal  segment took longer than the threshold	modules/core/src/main/java/org/apache/ignite/IgniteSystemProperties.java	1235
IGNITE_READ_LOAD_BALANCING	IGNITE_READ_LOAD_BALANCING		"" + DFLT_READ_LOAD_BALANCING	Enables read load balancing, that means 'get' requests will be distributed  between primary and backup nodes if it is possible and CacheConfiguration.isReadFromBackup() is true. 	modules/core/src/main/java/org/apache/ignite/IgniteSystemProperties.java	1248
IGNITE_BPLUS_TREE_LOCK_RETRIES	IGNITE_BPLUS_TREE_LOCK_RETRIES		"" + DFLT_READ_LOAD_BALANCING	Enables read load balancing, that means 'get' requests will be distributed  between primary and backup nodes if it is possible and CacheConfiguration.isReadFromBackup() is true. 	modules/core/src/main/java/org/apache/ignite/IgniteSystemProperties.java	1255
IGNITE_BPLUS_TREE_DISABLE_METRICS	IGNITE_BPLUS_TREE_DISABLE_METRICS	Integer	"" + IGNITE_BPLUS_TREE_LOCK_RETRIES_DEFAULT	Number of repetitions to capture a lock in the B+Tree	modules/core/src/main/java/org/apache/ignite/IgniteSystemProperties.java	1261
IGNITE_FAILURE_HANDLER_RESERVE_BUFFER_SIZE	IGNITE_FAILURE_HANDLER_RESERVE_BUFFER_SIZE	Integer	"" + DFLT_FAILURE_HANDLER_RESERVE_BUFFER_SIZE	Amount of memory reserved in the heap at node start, which can be dropped  to increase the chances of success when handling OutOfMemoryError	modules/core/src/main/java/org/apache/ignite/IgniteSystemProperties.java	1272
IGNITE_PART_DISTRIBUTION_WARN_THRESHOLD	IGNITE_PART_DISTRIBUTION_WARN_THRESHOLD	Float	"" + DFLT_PART_DISTRIBUTION_WARN_THRESHOLD	The threshold of uneven distribution above which partition distribution  will be logged	modules/core/src/main/java/org/apache/ignite/IgniteSystemProperties.java	1281
IGNITE_DISABLE_WAL_DURING_REBALANCING	IGNITE_DISABLE_WAL_DURING_REBALANCING	Float	"" + DFLT_PART_DISTRIBUTION_WARN_THRESHOLD	The threshold of uneven distribution above which partition distribution  will be logged	modules/core/src/main/java/org/apache/ignite/IgniteSystemProperties.java	1290
IGNITE_DISABLE_REBALANCING_CANCELLATION_OPTIMIZATION	IGNITE_DISABLE_REBALANCING_CANCELLATION_OPTIMIZATION				modules/core/src/main/java/org/apache/ignite/IgniteSystemProperties.java	1302
IGNITE_SKIP_PARTITION_SIZE_VALIDATION	IGNITE_SKIP_PARTITION_SIZE_VALIDATION				modules/core/src/main/java/org/apache/ignite/IgniteSystemProperties.java	1320
IGNITE_DUMP_THREADS_ON_FAILURE	IGNITE_DUMP_THREADS_ON_FAILURE				modules/core/src/main/java/org/apache/ignite/IgniteSystemProperties.java	1328
IGNITE_DUMP_THREADS_ON_FAILURE_THROTTLING_TIMEOUT	IGNITE_DUMP_THREADS_ON_FAILURE_THROTTLING_TIMEOUT	Long		Throttling time out for thread dump generation during failure handling  in milliseconds. Default is failure detection timeout. 0 or negative value - throttling is disabled	modules/core/src/main/java/org/apache/ignite/IgniteSystemProperties.java	1338
IGNITE_UNWIND_THROTTLING_TIMEOUT	IGNITE_UNWIND_THROTTLING_TIMEOUT	Long	"" + DFLT_UNWIND_THROTTLING_TIMEOUT	Throttling timeout in milliseconds which avoid excessive PendingTree access on  unwind if there is nothing to clean yet	modules/core/src/main/java/org/apache/ignite/IgniteSystemProperties.java	1349
IGNITE_THROTTLE_LOG_THRESHOLD	IGNITE_THROTTLE_LOG_THRESHOLD	Long	"" + DFLT_UNWIND_THROTTLING_TIMEOUT	Throttling timeout in milliseconds which avoid excessive PendingTree access on  unwind if there is nothing to clean yet	modules/core/src/main/java/org/apache/ignite/IgniteSystemProperties.java	1356
IGNITE_EVICTION_PERMITS	IGNITE_EVICTION_PERMITS	Integer		Number of concurrent operation for evict partitions	modules/core/src/main/java/org/apache/ignite/IgniteSystemProperties.java	1366
IGNITE_ALLOW_DML_INSIDE_TRANSACTION	IGNITE_ALLOW_DML_INSIDE_TRANSACTION	Integer		Number of concurrent operation for evict partitions	modules/core/src/main/java/org/apache/ignite/IgniteSystemProperties.java	1376
IGNITE_ZOOKEEPER_DISCOVERY_RETRY_TIMEOUT	IGNITE_ZOOKEEPER_DISCOVERY_RETRY_TIMEOUT	Long	"2 seconds"	Timeout between ZooKeeper client retries in milliseconds	modules/core/src/main/java/org/apache/ignite/IgniteSystemProperties.java	1383
IGNITE_ZOOKEEPER_DISCOVERY_MAX_RETRY_COUNT	IGNITE_ZOOKEEPER_DISCOVERY_MAX_RETRY_COUNT	Long	"2 seconds"	Timeout between ZooKeeper client retries in milliseconds	modules/core/src/main/java/org/apache/ignite/IgniteSystemProperties.java	1390
IGNITE_REUSE_MEMORY_ON_DEACTIVATE	IGNITE_REUSE_MEMORY_ON_DEACTIVATE	Integer	"10"	Number of attempts to reconnect to ZooKeeper	modules/core/src/main/java/org/apache/ignite/IgniteSystemProperties.java	1396
IGNITE_SYSTEM_WORKER_BLOCKED_TIMEOUT	IGNITE_SYSTEM_WORKER_BLOCKED_TIMEOUT	Long		Maximum inactivity period for system worker in milliseconds. When this  value is exceeded, worker is considered blocked with consequent critical failure handler invocation	modules/core/src/main/java/org/apache/ignite/IgniteSystemProperties.java	1405
IGNITE_CHECKPOINT_READ_LOCK_TIMEOUT	IGNITE_CHECKPOINT_READ_LOCK_TIMEOUT	Long		Maximum inactivity period for system worker in milliseconds. When this  value is exceeded, worker is considered blocked with consequent critical failure handler invocation	modules/core/src/main/java/org/apache/ignite/IgniteSystemProperties.java	1411
IGNITE_WAIT_SCHEMA_UPDATE	IGNITE_WAIT_SCHEMA_UPDATE	Long		Timeout for checkpoint read lock acquisition in milliseconds	modules/core/src/main/java/org/apache/ignite/IgniteSystemProperties.java	1418
IGNITE_REBALANCE_THROTTLE_OVERRIDE	IGNITE_REBALANCE_THROTTLE_OVERRIDE	Long	"0"	Overrides CacheConfiguration.getRebalanceThrottle  configuration property for all caches in milliseconds. 0 by default, which means that override is disabled	modules/core/src/main/java/org/apache/ignite/IgniteSystemProperties.java	1429
IGNITE_ALLOW_START_CACHES_IN_PARALLEL	IGNITE_ALLOW_START_CACHES_IN_PARALLEL		"" + DFLT_ALLOW_START_CACHES_IN_PARALLEL	Allows to start multiple caches in parallel	modules/core/src/main/java/org/apache/ignite/IgniteSystemProperties.java	1438
IGNITE_RECOVERY_VERBOSE_LOGGING	IGNITE_RECOVERY_VERBOSE_LOGGING		"" + DFLT_ALLOW_START_CACHES_IN_PARALLEL	Allows to start multiple caches in parallel	modules/core/src/main/java/org/apache/ignite/IgniteSystemProperties.java	1447
IGNITE_DISABLE_TRIGGERING_CACHE_INTERCEPTOR_ON_CONFLICT	IGNITE_DISABLE_TRIGGERING_CACHE_INTERCEPTOR_ON_CONFLICT				modules/core/src/main/java/org/apache/ignite/IgniteSystemProperties.java	1455
IGNITE_DEFAULT_DISK_PAGE_COMPRESSION	IGNITE_DEFAULT_DISK_PAGE_COMPRESSION	DiskPageCompression		Disk page compression - CacheConfiguration#setDiskPageCompression	modules/core/src/main/java/org/apache/ignite/IgniteSystemProperties.java	1463
IGNITE_DEFAULT_DATA_STORAGE_PAGE_SIZE	IGNITE_DEFAULT_DATA_STORAGE_PAGE_SIZE	DiskPageCompression		Disk page compression - CacheConfiguration#setDiskPageCompression	modules/core/src/main/java/org/apache/ignite/IgniteSystemProperties.java	1469
IGNITE_DISCOVERY_DISABLE_CACHE_METRICS_UPDATE	IGNITE_DISCOVERY_DISABLE_CACHE_METRICS_UPDATE				modules/core/src/main/java/org/apache/ignite/IgniteSystemProperties.java	1483
IGNITE_SQL_MAX_EXTRACTED_PARTS_FROM_BETWEEN	IGNITE_SQL_MAX_EXTRACTED_PARTS_FROM_BETWEEN	Integer	"16"	Maximum number of different partitions to be extracted from between  expression within sql query. In case of limit exceeding all partitions will be used	modules/core/src/main/java/org/apache/ignite/IgniteSystemProperties.java	1492
IGNITE_GLOBAL_METASTORAGE_HISTORY_MAX_BYTES	IGNITE_GLOBAL_METASTORAGE_HISTORY_MAX_BYTES	Integer	"16"	Maximum number of different partitions to be extracted from between  expression within sql query. In case of limit exceeding all partitions will be used	modules/core/src/main/java/org/apache/ignite/IgniteSystemProperties.java	1500
IGNITE_AFFINITY_BACKUPS_THRESHOLD	IGNITE_AFFINITY_BACKUPS_THRESHOLD	Long	"" + DFLT_MAX_HISTORY_BYTES	Maximum amount of bytes that can be stored in history of DistributedMetaStorage updates	modules/core/src/main/java/org/apache/ignite/IgniteSystemProperties.java	1509
IGNITE_DISABLE_AFFINITY_MEMORY_OPTIMIZATION	IGNITE_DISABLE_AFFINITY_MEMORY_OPTIMIZATION				modules/core/src/main/java/org/apache/ignite/IgniteSystemProperties.java	1522
IGNITE_RECOVERY_SEMAPHORE_PERMITS	IGNITE_RECOVERY_SEMAPHORE_PERMITS	Integer		Limit the maximum number of objects in memory during the recovery procedure	modules/core/src/main/java/org/apache/ignite/IgniteSystemProperties.java	1529
IGNITE_NODE_IDS_HISTORY_SIZE	IGNITE_NODE_IDS_HISTORY_SIZE	Integer		Limit the maximum number of objects in memory during the recovery procedure	modules/core/src/main/java/org/apache/ignite/IgniteSystemProperties.java	1536
IGNITE_DIAGNOSTIC_WARN_LIMIT	IGNITE_DIAGNOSTIC_WARN_LIMIT	Integer	"" + DFLT_NODE_IDS_HISTORY_SIZE	Maximum size of history of server nodes (server node IDs) that ever joined  to current topology	modules/core/src/main/java/org/apache/ignite/IgniteSystemProperties.java	1543
IGNITE_FAIL_NODE_ON_UNRECOVERABLE_PARTITION_INCONSISTENCY	IGNITE_FAIL_NODE_ON_UNRECOVERABLE_PARTITION_INCONSISTENCY	Integer	"" + DFLT_DIAGNOSTIC_WARN_LIMIT	Maximum number of diagnostic warning messages per category, when waiting for PME	modules/core/src/main/java/org/apache/ignite/IgniteSystemProperties.java	1551
IGNITE_SQL_ALLOW_KEY_VAL_UPDATES	IGNITE_SQL_ALLOW_KEY_VAL_UPDATES				modules/core/src/main/java/org/apache/ignite/IgniteSystemProperties.java	1558
IGNITE_SQL_FILL_ABSENT_PK_WITH_DEFAULTS	IGNITE_SQL_FILL_ABSENT_PK_WITH_DEFAULTS		"false"	Forcibly fills missing columns belonging to the primary key with nulls  or default values if those have been specified	modules/core/src/main/java/org/apache/ignite/IgniteSystemProperties.java	1565
IGNITE_BASELINE_AUTO_ADJUST_LOG_INTERVAL	IGNITE_BASELINE_AUTO_ADJUST_LOG_INTERVAL		"false"	Forcibly fills missing columns belonging to the primary key with nulls  or default values if those have been specified	modules/core/src/main/java/org/apache/ignite/IgniteSystemProperties.java	1572
IGNITE_KEEP_STATIC_CACHE_CONFIGURATION	IGNITE_KEEP_STATIC_CACHE_CONFIGURATION				modules/core/src/main/java/org/apache/ignite/IgniteSystemProperties.java	1591
IGNITE_SQL_SYSTEM_SCHEMA_NAME_IGNITE	IGNITE_SQL_SYSTEM_SCHEMA_NAME_IGNITE				modules/core/src/main/java/org/apache/ignite/IgniteSystemProperties.java	1595
IGNITE_TX_OWNER_DUMP_REQUESTS_ALLOWED	IGNITE_TX_OWNER_DUMP_REQUESTS_ALLOWED		"" + DFLT_TX_OWNER_DUMP_REQUESTS_ALLOWED	Shows if dump requests from local node to near node are allowed, when  long running transaction is found. If allowed, the compute request to near node will be made to get  thread dump of transaction owner thread	modules/core/src/main/java/org/apache/ignite/IgniteSystemProperties.java	1605
IGNITE_PAGE_LOCK_TRACKER_TYPE	IGNITE_PAGE_LOCK_TRACKER_TYPE	Integer	"" + HEAP_LOG	Page lock tracker type. -1 - Disable lock tracking. 1 - HEAP_STACK.  2 - HEAP_LOG. 3 - OFF_HEAP_STACK. 4 - OFF_HEAP_LOG	modules/core/src/main/java/org/apache/ignite/IgniteSystemProperties.java	1620
IGNITE_PAGE_LOCK_TRACKER_CAPACITY	IGNITE_PAGE_LOCK_TRACKER_CAPACITY	Integer	"" + DFLT_PAGE_LOCK_TRACKER_CAPACITY	Capacity in pages for storing in page lock tracker strucuture	modules/core/src/main/java/org/apache/ignite/IgniteSystemProperties.java	1629
IGNITE_PAGE_LOCK_TRACKER_CHECK_INTERVAL	IGNITE_PAGE_LOCK_TRACKER_CHECK_INTERVAL	Integer	"" + DFLT_PAGE_LOCK_TRACKER_CAPACITY	Capacity in pages for storing in page lock tracker strucuture	modules/core/src/main/java/org/apache/ignite/IgniteSystemProperties.java	1638
IGNITE_DUMP_PAGE_LOCK_ON_FAILURE	IGNITE_DUMP_PAGE_LOCK_ON_FAILURE	Integer	"" + DFLT_PAGE_LOCK_TRACKER_CHECK_INTERVAL	Page lock tracker thread for checking hangs threads interval	modules/core/src/main/java/org/apache/ignite/IgniteSystemProperties.java	1647
IGNITE_LOG_CLASSPATH_CONTENT_ON_STARTUP	IGNITE_LOG_CLASSPATH_CONTENT_ON_STARTUP		"" + DFLT_DUMP_PAGE_LOCK_ON_FAILURE	Enables threads locks dumping on critical node failure	modules/core/src/main/java/org/apache/ignite/IgniteSystemProperties.java	1654
IGNITE_LONG_TRANSACTION_TIME_DUMP_THRESHOLD	IGNITE_LONG_TRANSACTION_TIME_DUMP_THRESHOLD	Long		Threshold timeout for long transactions, if transaction exceeds it, it  will be dumped in log with information about how much time did it spent in system time (time while acquiring  locks, preparing, committing, etc) and user time (time when client node runs some code while holding  transaction and not waiting it). Equals 0 if not set. No long transactions are dumped in log if nor  this parameter neither IGNITE_TRANSACTION_TIME_DUMP_SAMPLES_COEFFICIENT is set	modules/core/src/main/java/org/apache/ignite/IgniteSystemProperties.java	1668
IGNITE_TRANSACTION_TIME_DUMP_SAMPLES_COEFFICIENT	IGNITE_TRANSACTION_TIME_DUMP_SAMPLES_COEFFICIENT	Float		The coefficient for samples of completed transactions that will be dumped  in log. Must be float value between 0.0 and 1.0 inclusive	modules/core/src/main/java/org/apache/ignite/IgniteSystemProperties.java	1676
IGNITE_TRANSACTION_TIME_DUMP_SAMPLES_PER_SECOND_LIMIT	IGNITE_TRANSACTION_TIME_DUMP_SAMPLES_PER_SECOND_LIMIT				modules/core/src/main/java/org/apache/ignite/IgniteSystemProperties.java	1687
IGNITE_PAGES_LIST_DISABLE_ONHEAP_CACHING	IGNITE_PAGES_LIST_DISABLE_ONHEAP_CACHING				modules/core/src/main/java/org/apache/ignite/IgniteSystemProperties.java	1700
IGNITE_MASTER_KEY_NAME_TO_CHANGE_BEFORE_STARTUP	IGNITE_MASTER_KEY_NAME_TO_CHANGE_BEFORE_STARTUP	String		The master key name that the node will use during the recovery. If a node  was unavailable during a master key change process it won't be able to join to cluster with old the  master key. Set up this property to re-encrypt cache keys on startup and join to cluster with the valid  master key name	modules/core/src/main/java/org/apache/ignite/IgniteSystemProperties.java	1713
IGNITE_DISABLE_GRP_STATE_LAZY_STORE	IGNITE_DISABLE_GRP_STATE_LAZY_STORE		"false"	Disable group state lazy store. It means that group state won't be cached  and will be read from wal every time	modules/core/src/main/java/org/apache/ignite/IgniteSystemProperties.java	1722
IGNITE_ENABLE_EXTRA_INDEX_REBUILD_LOGGING	IGNITE_ENABLE_EXTRA_INDEX_REBUILD_LOGGING				modules/core/src/main/java/org/apache/ignite/IgniteSystemProperties.java	1733
IGNITE_WAIT_FOR_BACKUPS_ON_SHUTDOWN	IGNITE_WAIT_FOR_BACKUPS_ON_SHUTDOWN				modules/core/src/main/java/org/apache/ignite/IgniteSystemProperties.java	1745
IGNITE_ENABLE_SUBQUERY_REWRITE_OPTIMIZATION	IGNITE_ENABLE_SUBQUERY_REWRITE_OPTIMIZATION				modules/core/src/main/java/org/apache/ignite/IgniteSystemProperties.java	1754
IGNITE_TCP_COMM_SET_ATTR_HOST_NAMES	IGNITE_TCP_COMM_SET_ATTR_HOST_NAMES				modules/core/src/main/java/org/apache/ignite/IgniteSystemProperties.java	1764
IGNITE_TCP_COMM_MSG_QUEUE_WARN_SIZE	IGNITE_TCP_COMM_MSG_QUEUE_WARN_SIZE	Integer		When set to positive number warning will be produced when outgoing message queue size of  TCP communication SPI exeeds provided value. Default is 0 (do not print warning)	modules/core/src/main/java/org/apache/ignite/IgniteSystemProperties.java	1773
IGNITE_DUMP_TX_COLLISIONS_INTERVAL	IGNITE_DUMP_TX_COLLISIONS_INTERVAL	Integer	"" + DFLT_DUMP_TX_COLLISIONS_INTERVAL	When above zero, prints tx key collisions once per interval. Each  transaction besides OPTIMISTIC SERIALIZABLE capture locks on all enlisted keys, for some reasons per key  lock queue may rise. This property sets the interval during which statistics are collected	modules/core/src/main/java/org/apache/ignite/IgniteSystemProperties.java	1785
IGNITE_TEST_ENV	IGNITE_TEST_ENV	Boolean		Set to true only during the junit tests.  Can be used for changing behaviour of tightly coupled code pieces during the tests.  Use it as a last resort only, prefer another toolchain like DI, mocks and etc. if possible	modules/core/src/main/java/org/apache/ignite/IgniteSystemProperties.java	1798
IGNITE_DEFRAGMENTATION_REGION_SIZE_PERCENTAGE	IGNITE_DEFRAGMENTATION_REGION_SIZE_PERCENTAGE	Integer	"" + DFLT_DEFRAGMENTATION_REGION_SIZE_PERCENTAGE	Defragmentation region size percentage of configured region size.  This percentage will be calculated from largest configured region size and then proportionally subtracted  from all configured regions	modules/core/src/main/java/org/apache/ignite/IgniteSystemProperties.java	1810
IGNITE_PERF_STAT_FILE_MAX_SIZE	IGNITE_PERF_STAT_FILE_MAX_SIZE	Long	"" + DFLT_FILE_MAX_SIZE	Maximum performance statistics file size in bytes. Performance statistics collection  is stopped when the file size is exceeded	modules/core/src/main/java/org/apache/ignite/IgniteSystemProperties.java	1819
IGNITE_PERF_STAT_BUFFER_SIZE	IGNITE_PERF_STAT_BUFFER_SIZE	Long	"" + DFLT_FILE_MAX_SIZE	Maximum performance statistics file size in bytes. Performance statistics collection  is stopped when the file size is exceeded	modules/core/src/main/java/org/apache/ignite/IgniteSystemProperties.java	1827
IGNITE_PERF_STAT_FLUSH_SIZE	IGNITE_PERF_STAT_FLUSH_SIZE	Integer	"" + DFLT_BUFFER_SIZE	Performance statistics off heap buffer size in bytes	modules/core/src/main/java/org/apache/ignite/IgniteSystemProperties.java	1835
IGNITE_PERF_STAT_CACHED_STRINGS_THRESHOLD	IGNITE_PERF_STAT_CACHED_STRINGS_THRESHOLD	Integer	"" + DFLT_FLUSH_SIZE	Minimal performance statistics batch size to be flushed in bytes	modules/core/src/main/java/org/apache/ignite/IgniteSystemProperties.java	1843
IGNITE_CALCITE_EXEC_IN_BUFFER_SIZE	IGNITE_CALCITE_EXEC_IN_BUFFER_SIZE	Integer	"" + DFLT_CACHED_STRINGS_THRESHOLD	Maximum performance statistics cached strings threshold. String caching is  stopped when the threshold is exceeded	modules/core/src/main/java/org/apache/ignite/IgniteSystemProperties.java	1850
IGNITE_CALCITE_EXEC_MODIFY_BATCH_SIZE	IGNITE_CALCITE_EXEC_MODIFY_BATCH_SIZE	Integer		Calcite-based SQL engine. Buffer size (count of rows) for query execution nodes	modules/core/src/main/java/org/apache/ignite/IgniteSystemProperties.java	1857
IGNITE_CALCITE_EXEC_IO_BATCH_SIZE	IGNITE_CALCITE_EXEC_IO_BATCH_SIZE	Integer		Calcite-based SQL engine. Batch size (count of rows) for cache modify execution nodes	modules/core/src/main/java/org/apache/ignite/IgniteSystemProperties.java	1864
IGNITE_CALCITE_EXEC_IO_BATCH_CNT	IGNITE_CALCITE_EXEC_IO_BATCH_CNT	Integer		Calcite-based SQL engine. Batch size (count of rows) for outgoing data message	modules/core/src/main/java/org/apache/ignite/IgniteSystemProperties.java	1871
IGNITE_CALCITE_REL_JSON_PRETTY_PRINT	IGNITE_CALCITE_REL_JSON_PRETTY_PRINT	Integer		Calcite-based SQL engine. Maximum number of pending data messages for each outbox	modules/core/src/main/java/org/apache/ignite/IgniteSystemProperties.java	1878
IGNITE_INDEX_REBUILD_BATCH_SIZE	IGNITE_INDEX_REBUILD_BATCH_SIZE			Calcite-based SQL engine. Pretty print serialized to JSON plan, when sending it to  remote nodes	modules/core/src/main/java/org/apache/ignite/IgniteSystemProperties.java	1886
IGNITE_THROTTLE_INLINE_SIZE_CALCULATION	IGNITE_THROTTLE_INLINE_SIZE_CALCULATION	Integer	"" + DFLT_IGNITE_INDEX_REBUILD_BATCH_SIZE	Count of rows, being processed within a single checkpoint lock when indexes are rebuilt	modules/core/src/main/java/org/apache/ignite/IgniteSystemProperties.java	1894
IGNITE_SNAPSHOT_SEQUENTIAL_WRITE	IGNITE_SNAPSHOT_SEQUENTIAL_WRITE	Integer	"" + DFLT_THROTTLE_INLINE_SIZE_CALCULATION	Throttle frequency for an index row inline size calculation and logging index inline size recommendation	modules/core/src/main/java/org/apache/ignite/IgniteSystemProperties.java	1903
IGNITE_CONFIGURATION_VIEW_PACKAGES	IGNITE_CONFIGURATION_VIEW_PACKAGES		"" + DFLT_IGNITE_SNAPSHOT_SEQUENTIAL_WRITE	Flag to indicate that disk writes during snapshot process should be in a sequential  manner when possible. This generates extra disk space usage	modules/core/src/main/java/org/apache/ignite/IgniteSystemProperties.java	1912
IGNITE_MESSAGE_UNMARSHAL_ONCE_CHECK	IGNITE_MESSAGE_UNMARSHAL_ONCE_CHECK			Packages list to expose in configuration view	modules/core/src/main/java/org/apache/ignite/IgniteSystemProperties.java	1916
